Workbook

Sheet Aturan Catatan
A1: Indikator | B1: Deksripsi
A2: Tidak Tercapai | B2: Alhamdulillah, ananda telah mengikuti pembelajaran di semester ini. Ustadz berharap ananda bisa lebih semangat lagi dalam mengaji, memperbanyak latihan membaca dan menghafal, serta mulai mempraktikkan ilmu yang telah didapat. Sukses selalu untuk ananda. Barakallahufiikum. | C2: 1
A4: Indikator | B4: Deskripsi
A5: Tercapai | B5: Alhamdulillah, ananda telah mengikuti pembelajaran dengan baik di semester ini. Semoga istiqamah dalam mengaji, mengulang bacaan dan hafalan, serta semangat dalam mengamalkan ilmu yang telah dipelajari. Sukses selalu untuk ananda. Baarakallahu fiikum. | C5: 2
A7: Indikator | B7: Deskripsi
A8: Melampaui | B8: Alhamdulillah, ananda telah menunjukkan semangat yang sangat baik dalam mengikuti pembelajaran semester ini. Semoga terus meningkat dalam membaca, menghafal, dan mengamalkan ilmu yang telah dipelajari. Sukses selalu untuk ananda. Baarakallahu fiikum. | C8: 3

Sheet Aturan Predikat
A1: TARTILI
A2: 65 | B2: Maqbul
A3: 71 | B3: Jayyid
A4: 81 | B4: Jayyid Jiddan
A5: 95 | B5: Mumtaz
A7: TAHFIDZ
A8: 65 | B8: Maqbul
A9: 71 | B9: Jayyid
A10: 81 | B10: Jayyid Jiddan
A11: 95 | B11: Mumtaz
A13: MATERI TAMBAHAN
A14: 65 | B14: Maqbul
A15: 71 | B15: Jayyid
A16: 81 | B16: Jayyid Jiddan
A17: 91 | B17: Mumtaz

Sheet Input Data
A1: 1 | B1: 2 | C1: 3 | D1: 4 | E1: 5 | F1: 6 | G1: 7 | H1: 8 | I1: 9 | J1: 10 | K1: 11 | L1: 12 | M1: 13 | N1: 14 | O1: 15 | P1: 16 | Q1: 17 | R1: 18 | S1: 19 | T1: 20 | U1: 21 | V1: 22 | W1: 23 | X1: 24 | Y1: 25 | Z1: 26 | AA1: 27 | AB1: 28 | AC1: 29 | AD1: 30
A2: NO | B2: NAMA | C2: KELAS | D2: JILID | E2: SEMESTER | F2: BACAAN | H2: TARGET HAFALAN | K2: HAFALAN YANG SUDAH DIUJIKAN | O2: NILAI MATERI TAMBAHAN | U2: PRESENSI | X2: KEPRIBADIAN | AB2: DESKRIPSI | AC2: Wali Kelas | AD2: Koordinator
F3: Jenis Bacaan | G3: Nilai | H3: Juz | I3: Surat | J3: Keterangan | K3: Nama Surat 1 | L3: Nilai 1 | M3: Nama Surat 2 | N3: Nilai 2 | O3: Praktek Wudhu | P3: Praktek Sholat | Q3: Tayamum | R3: Shalat Jenazah | S3: Do'a Harian | T3: Hafalan Hadits | U3: Sakit | V3: Izin | W3: Tanpa Keterangan | X3: Akhlak Kepada Guru | Y3: Akhlak Kepada Teman | Z3: Kerapian | AA3: Kedisiplinan | AB3: Hasil
A4: 1 | B4: FULAN 1 | C4: VII | D4: 4 | E4: I (Gasal) | F4: Baca Tartili | G4: - | H4: - | I4: - | J4: - | K4: - | L4: - | M4: - | N4: - | O4: - | P4: - | Q4: - | R4: - | S4: - | T4: - | U4: - | V4: - | W4: - | X4: - | Y4: - | Z4: - | AA4: - | AC4: Maulidin Nafsir | AD4: Maulidin Nafsir
A5: 2 | B5: FULAN 2 | C5: VII | D5: 4 | E5: I (Gasal) | F5: Baca Tartili | G5: - | H5: - | I5: - | J5: - | K5: - | L5: - | M5: - | N5: - | O5: - | P5: - | Q5: - | R5: - | S5: - | T5: - | U5: - | V5: - | W5: - | X5: - | Y5: - | Z5: - | AA5: - | AC5: Maulidin Nafsir | AD5: Maulidin Nafsir
A6: 3 | B6: FULAN 3 | C6: VII | D6: 4 | E6: I (Gasal) | F6: Baca Tartili | G6: - | H6: - | I6: - | J6: - | K6: - | L6: - | M6: - | N6: - | O6: - | P6: - | Q6: - | R6: - | S6: - | T6: - | U6: - | V6: - | W6: - | X6: - | Y6: - | Z6: - | AA6: - | AC6: Maulidin Nafsir | AD6: Maulidin Nafsir
A7: 4 | B7: FULAN 4 | C7: VII | D7: 4 | E7: I (Gasal) | F7: Baca Tartili | G7: - | H7: - | I7: - | J7: - | K7: - | L7: - | M7: - | N7: - | O7: - | P7: - | Q7: - | R7: - | S7: - | T7: - | U7: - | V7: - | W7: - | X7: - | Y7: - | Z7: - | AA7: - | AC7: Maulidin Nafsir | AD7: Maulidin Nafsir
A8: 5 | B8: FULAN 5 | C8: VII | D8: 4 | E8: I (Gasal) | F8: Baca Tartili | G8: - | H8: - | I8: - | J8: - | K8: - | L8: - | M8: - | N8: - | O8: - | P8: - | Q8: - | R8: - | S8: - | T8: - | U8: - | V8: - | W8: - | X8: - | Y8: - | Z8: - | AA8: - | AC8: Maulidin Nafsir | AD8: Maulidin Nafsir
A9: 6 | B9: FULAN 6 | C9: VII | D9: 4 | E9: I (Gasal) | F9: Baca Tartili | G9: - | H9: - | I9: - | J9: - | K9: - | L9: - | M9: - | N9: - | O9: - | P9: - | Q9: - | R9: - | S9: - | T9: - | U9: - | V9: - | W9: - | X9: - | Y9: - | Z9: - | AA9: - | AC9: Maulidin Nafsir | AD9: Maulidin Nafsir
A10: 7 | B10: FULAN 7 | C10: VII | D10: 4 | E10: I (Gasal) | F10: Baca Tartili | G10: - | H10: - | I10: - | J10: - | K10: - | L10: - | M10: - | N10: - | O10: - | P10: - | Q10: - | R10: - | S10: - | T10: - | U10: - | V10: - | W10: - | X10: - | Y10: - | Z10: - | AA10: - | AC10: Maulidin Nafsir | AD10: Maulidin Nafsir
A11: 8 | B11: FULAN 8 | C11: VII | D11: 4 | E11: I (Gasal) | F11: Baca Tartili | G11: - | H11: - | I11: - | J11: - | K11: - | L11: - | M11: - | N11: - | O11: - | P11: - | Q11: - | R11: - | S11: - | T11: - | U11: - | V11: - | W11: - | X11: - | Y11: - | Z11: - | AA11: - | AC11: Maulidin Nafsir | AD11: Maulidin Nafsir
A12: 9 | B12: FULAN 9 | C12: VII | D12: 4 | E12: I (Gasal) | F12: Baca Tartili | G12: - | H12: - | I12: - | J12: - | K12: - | L12: - | M12: - | N12: - | O12: - | P12: - | Q12: - | R12: - | S12: - | T12: - | U12: - | V12: - | W12: - | X12: - | Y12: - | Z12: - | AA12: - | AC12: Maulidin Nafsir | AD12: Maulidin Nafsir
A13: 10 | B13: FULAN 10 | C13: VII | D13: 4 | E13: I (Gasal) | F13: Baca Tartili | G13: - | H13: - | I13: - | J13: - | K13: - | L13: - | M13: - | N13: - | O13: - | P13: - | Q13: - | R13: - | S13: - | T13: - | U13: - | V13: - | W13: - | X13: - | Y13: - | Z13: - | AA13: - | AC13: Maulidin Nafsir | AD13: Maulidin Nafsir
A14: 11 | B14: FULAN 11 | C14: VII | D14: 4 | E14: I (Gasal) | F14: Baca Tartili | G14: - | H14: - | I14: - | J14: - | K14: - | L14: - | M14: - | N14: - | O14: - | P14: - | Q14: - | R14: - | S14: - | T14: - | U14: - | V14: - | W14: - | X14: - | Y14: - | Z14: - | AA14: - | AC14: Maulidin Nafsir | AD14: Maulidin Nafsir
A15: 12 | B15: FULAN 12 | C15: VII | D15: 4 | E15: I (Gasal) | F15: Baca Tartili | G15: - | H15: - | I15: - | J15: - | K15: - | L15: - | M15: - | N15: - | O15: - | P15: - | Q15: - | R15: - | S15: - | T15: - | U15: - | V15: - | W15: - | X15: - | Y15: - | Z15: - | AA15: - | AC15: Maulidin Nafsir | AD15: Maulidin Nafsir
... A23: 20 | B23: FULAN 20 | C23: VII | D23: 4 | E23: I (Gasal) | F23: Baca Tartili | G23: - | H23: - | I23: - | J23: - | K23: - | L23: - | M23: - | N23: - | O23: - | P23: - | Q23: - | R23: - | S23: - | T23: - | U23: - | V23: - | W23: - | X23: - | Y23: - | Z23: - | AA23: - | AC23: Maulidin Nafsir | AD23: Maulidin Nafsir

Sheet Cetak
A2: LAPORAN HASIL BELAJAR SANTRI | L2: =VLOOKUP($L$4,'Input Data'!A4:$AI$23,2,FALSE) -> FULAN 1
A3: GRIYA QUR'AN PENYEJUK HATI PURBALINGGA | L3: No
A4: TAHUN AJARAN 2025/2026 | L4: 1
A5: Nama Santri | C5: : | D5: =VLOOKUP($L$4,'Input Data'!A4:$AI$23,2,FALSE) -> FULAN 1 | F5: Jilid | G5: : | H5: =VLOOKUP($L$4,'Input Data'!A4:$AI$23,4,FALSE) -> 4
A6: Kelas | C6: : | D6: =VLOOKUP($L$4,'Input Data'!A4:$AI$23,3,FALSE) -> VII | F6: Semester | G6: : | H6: =VLOOKUP($L$4,'Input Data'!A4:$AI$23,5,FALSE) -> I (Gasal)
A8: A. Bacaan
A9: NO | B9: Materi | E9: Nilai | F9: Predikat
A10: 1 | B10: =VLOOKUP($L$4,'Input Data'!A4:$AI$23,6,FALSE) -> Baca Tartili | E10: =VLOOKUP($L$4,'Input Data'!A4:$AI$23,7,FALSE) -> - | F10: =IF(OR(E10="-", E10=0, E10=""), "-", LOOKUP(E10, 'Aturan Predikat'!$A$2:$A$5, 'Aturan Predikat'!$B$2:$B$5)) -> -
A11: B. Hafalan
A12: Target Hafalan
A13: NO | B13: Juz | E13: Surat | F13: Keterangan
A14: 1 | B14: =VLOOKUP($L$4,'Input Data'!A4:$AI$23,8,FALSE) -> - | E14: =VLOOKUP($L$4,'Input Data'!A4:$AI$23,9,FALSE) -> - | F14: =VLOOKUP($L$4,'Input Data'!A4:$AI$23,10,FALSE) -> -
A16: Hafalan Yang Sudah Diujikan
A17: NO | B17: Nama Surat | E17: Nilai | F17: Predikat
A18: 1 | B18: =VLOOKUP($L$4,'Input Data'!$A$4:$AI$23,11,FALSE) -> - | E18: =VLOOKUP($L$4,'Input Data'!$A$4:$AI$23,12,FALSE) -> - | F18: =IF(OR(E18="-", E18=0, E18=""), "-", LOOKUP(E18, 'Aturan Predikat'!$A$8:$A$11, 'Aturan Predikat'!$B$8:$B$11)) -> -
A19: 2 | B19: =VLOOKUP($L$4,'Input Data'!$A$4:$AI$23,13,FALSE) -> - | E19: =VLOOKUP($L$4,'Input Data'!A4:$AI$23,14,FALSE) -> - | F19: =IF(OR(E19="-", E19=0, E19=""), "-", LOOKUP(E19, 'Aturan Predikat'!$A$8:$A$11, 'Aturan Predikat'!$B$8:$B$11)) -> -
A21: C. Materi Tambahan
A22: NO | B22: Materi | E22: Nilai | F22: Predikat
A23: 1 | B23: ='Input Data'!O3 -> Praktek Wudhu | E23: =VLOOKUP($L$4,'Input Data'!A4:$AI$23,15,FALSE) -> - | F23: =IF(OR(E23="-", E23=0, E23=""), "-", LOOKUP(E23, 'Aturan Predikat'!$A$14:$A$17, 'Aturan Predikat'!$B$14:$B$17)) -> -
A24: 2 | B24: ='Input Data'!P3 -> Praktek Sholat | E24: =VLOOKUP($L$4,'Input Data'!A4:$AI$23,16,FALSE) -> - | F24: =IF(OR(E24="-", E24=0, E24=""), "-", LOOKUP(E24, 'Aturan Predikat'!$A$14:$A$17, 'Aturan Predikat'!$B$14:$B$17)) -> -
A25: 3 | B25: ='Input Data'!Q3 -> Tayamum | E25: =VLOOKUP($L$4,'Input Data'!A4:$AI$23,17,FALSE) -> - | F25: =IF(OR(E25="-", E25=0, E25=""), "-", LOOKUP(E25, 'Aturan Predikat'!$A$14:$A$17, 'Aturan Predikat'!$B$14:$B$17)) -> -
A26: 4 | B26: ='Input Data'!R3 -> Shalat Jenazah | E26: =VLOOKUP($L$4,'Input Data'!A4:$AI$23,18,FALSE) -> - | F26: =IF(OR(E26="-", E26=0, E26=""), "-", LOOKUP(E26, 'Aturan Predikat'!$A$14:$A$17, 'Aturan Predikat'!$B$14:$B$17)) -> -
A27: 5 | B27: ='Input Data'!S3 -> Do'a Harian | E27: =VLOOKUP($L$4,'Input Data'!A4:$AI$23,19,FALSE) -> - | F27: =IF(OR(E27="-", E27=0, E27=""), "-", LOOKUP(E27, 'Aturan Predikat'!$A$14:$A$17, 'Aturan Predikat'!$B$14:$B$17)) -> -
A28: 6 | B28: ='Input Data'!T3 -> Hafalan Hadits | E28: =VLOOKUP($L$4,'Input Data'!A4:$AI$23,20,FALSE) -> - | F28: =IF(OR(E28="-", E28=0, E28=""), "-", LOOKUP(E28, 'Aturan Predikat'!$A$14:$A$17, 'Aturan Predikat'!$B$14:$B$17)) -> -
A30: D. Presensi
A31: Sakit | E31: Izin | F31: Tanpa Keterangan
A32: =VLOOKUP($L$4,'Input Data'!$A$4:$AI$23,21,FALSE) -> - | E32: =VLOOKUP($L$4,'Input Data'!$A$4:$AI$23,22,FALSE) -> - | F32: =VLOOKUP($L$4,'Input Data'!$A$4:$AI$23,23,FALSE) -> -
A34: E. Kepribadian
E35: Keterangan
A36: ='Input Data'!X3 -> Akhlak Kepada Guru | E36: =VLOOKUP($L$4,'Input Data'!$A$4:$AI$23,24,FALSE) -> -
A37: ='Input Data'!Y3 -> Akhlak Kepada Teman | E37: =VLOOKUP($L$4,'Input Data'!$A$4:$AI$23,25,FALSE) -> -
A38: ='Input Data'!Z3 -> Kerapian | E38: =VLOOKUP($L$4,'Input Data'!$A$4:$AI$23,26,FALSE) -> -
A39: ='Input Data'!AA3 -> Kedisiplinan | E39: =VLOOKUP($L$4,'Input Data'!$A$4:$AI$23,27,FALSE) -> -
A41: F. Catatan
A42: =VLOOKUP(VLOOKUP(L4,'Input Data'!$A$4:$AB$100,28,0),'Aturan Catatan'!$A$1:$B$8,2,0) -> #N/A
F45: Purbalingga, 21 Desember 2025
A48: Wali Santri | E48: Wali Kelas | G48: Koordinator Griya Qur'an
A52: _______________________ | E52: ='Input Data'!AC4 -> Maulidin Nafsir | G52: ='Input Data'!AD4 -> Maulidin Nafsir

Sheet About
A1: ABOUT APLICATION
A3: LAPORAN HASIL BELAJAR SANTRIGRIYA
A4: GRIYA QUR'AN PENYEJUK HATI
A6: DEVELOPED BY | B6: : | C6: Muhammad Iqbal Putra
A7: FOUNDER | B7: : | C7: SistemFlow.com
A8: VERSION | B8: : | C8: v1.0 (18 Desember 2025)
A9: CONTACT & SUPPORT | B9: : | C9: 081390292177 (iqbalmarketist@gmail.com)
A11: © 2025 Muhammad Iqbal Putra (SistemFlow.com). All Right Reserved
A12: Dilarang menyebarkan atau memperjualbelikan ulang file ini tanpa izin
A14: Baarakallahu fiikum
